{"valueType":"nodes","values":[{"updatedAt":"2018-05-15T05:25:48.000Z","_typeName":"Game","result":"WIN","score1":100,"home":true,"id":"cjh78hsoi0fgh0146tnkkhzgq","score2":99,"createdAt":"2018-05-15T05:25:48.000Z","opponent":"USC"},{"updatedAt":"2018-05-15T05:30:56.000Z","_typeName":"Game","result":"WIN","score1":101,"home":true,"id":"cjh78oep40ga70146xsq24ocv","date":"2018-03-21T00:00:00.000Z","score2":99,"createdAt":"2018-05-15T05:30:56.000Z","opponent":"Purdue"},{"updatedAt":"2018-05-15T05:34:21.000Z","_typeName":"Game","result":"WIN","score1":101,"home":true,"id":"cjh78ssih0gal014673enlxba","date":"2018-05-15T05:32:53.044Z","score2":99,"createdAt":"2018-05-15T05:34:21.000Z","opponent":"Georgia"},{"updatedAt":"2018-05-15T05:41:45.000Z","_typeName":"Game","result":"WIN","score1":28,"home":true,"id":"cjh792bbc0gbl0146zdj94esg","date":"2011-05-15T05:32:53.044Z","score2":24,"createdAt":"2018-05-15T05:41:45.000Z","opponent":"Georgia"},{"updatedAt":"2018-05-16T04:19:17.000Z","_typeName":"Game","result":"LOSS","score1":21,"home":true,"id":"cjh8lk3zu0go10146uvtjwaw3","date":"2010-05-15T05:32:53.044Z","score2":24,"createdAt":"2018-05-16T04:19:17.000Z","opponent":"Miami"},{"updatedAt":"2018-05-16T04:19:58.000Z","_typeName":"Game","result":"WIN","score1":25,"home":true,"id":"cjh8lkztw0go70146t86okubu","date":"2006-05-15T05:32:53.044Z","score2":24,"createdAt":"2018-05-16T04:19:58.000Z","opponent":"UCLA"},{"updatedAt":"2018-05-16T04:21:35.000Z","_typeName":"Game","result":"WIN","score1":10,"home":true,"id":"cjh8ln2f40gov0146a1mf3hee","date":"1998-05-15T05:32:53.044Z","score2":0,"createdAt":"2018-05-16T04:21:35.000Z","opponent":"Stanford"},{"updatedAt":"2018-05-27T20:29:22.000Z","_typeName":"Game","result":"WIN","season":1998,"score1":11,"home":true,"id":"cjhpa212300kc0146s0aa9t8y","date":"1998-05-15T05:32:53.044Z","score2":3,"createdAt":"2018-05-27T20:29:22.000Z","opponent":"Pitt"},{"updatedAt":"2018-05-27T22:43:47.000Z","_typeName":"Game","result":"WIN","season":1998,"score1":12,"home":false,"id":"cjhpeuw3400mz0146wz82qw9j","date":"1998-05-15T05:32:53.044Z","score2":4,"createdAt":"2018-05-27T22:43:47.000Z","opponent":"MSU"},{"updatedAt":"2018-05-27T22:44:12.000Z","_typeName":"Game","result":"LOSS","season":1998,"score1":12,"home":false,"id":"cjhpevexu00n8014680xvkeux","date":"1998-05-15T05:32:53.044Z","score2":28,"createdAt":"2018-05-27T22:44:12.000Z","opponent":"Northwestern"},{"updatedAt":"2018-05-27T23:11:27.000Z","_typeName":"Game","result":"LOSS","season":1998,"score1":12,"home":false,"id":"cjhpfugv100on0146h4zvy2sz","date":"1998-05-15T05:32:53.044Z","score2":28,"createdAt":"2018-05-27T23:11:27.000Z","opponent":"Northwestern"},{"updatedAt":"2018-05-27T23:11:28.000Z","_typeName":"Game","result":"LOSS","season":1998,"score1":12,"home":false,"id":"cjhpfuh4700oq0146vt5oxusm","date":"1998-05-15T05:32:53.044Z","score2":28,"createdAt":"2018-05-27T23:11:28.000Z","opponent":"Northwestern"},{"updatedAt":"2018-05-13T17:30:33.000Z","_typeName":"User","email":"Kyle@blah.com","id":"cjh53i4xq008a0146v27b9emy","createdAt":"2018-05-13T17:30:33.000Z","password":"$2a$10$nE0VpTS7vxFnhtBLnGvTSO/Va8hggJnZHULsF0A/8vXgOeJNM/ZvW"},{"updatedAt":"2018-05-14T04:23:12.000Z","_typeName":"User","email":"Kyle.Flavin@gmail.com","id":"cjh5qtgk10cqn0146l1lublmi","createdAt":"2018-05-14T04:23:12.000Z","password":"$2a$10$X/VICYP5OW.egfZaO2FSi.t2GmNo9kd7G7LBkm/gm0IWyy8DSqiPi"}]}